username,detected_region,region_name
kimonroblox22,US,United States
_ari.arts,US,United States
mewlew,US,United States
junaid.pti493,US,United States
miedoxz,US,United States
labitab,US,United States
agbtheshop,US,United States
evonrust,US,United States
lustinbeaute,US,United States
thebreakroom_tbr,US,United States
golfonfox,US,United States
4.g.4.g,US,United States
xqtzklllll,US,United States
apple.popz,US,United States
felbach23,US,United States
dylpicklesfanpage,US,United States
booyahbreaks,US,United States
woodybreaks,US,United States
fhiheat,US,United States
qtclaps,US,United States
endemoniados1,US,United States
skylahbylah_,US,United States
ob_khalibah,CA,Canada
akaelectro,US,United States
leswy54,US,United States
ruralrips,US,United States
itzlionblox1,US,United States
stunnnaaajj,US,United States
emvh,US,United States
pigfitz,US,United States
stanleycherubin1,US,United States
officialwaynetrain,US,United States
callmeknowledge910,US,United States
lj.thompson4,US,United States
fer_ztrz,US,United States
kristala.alvrz,US,United States
crippenrippen,US,United States
mariemichellejeud4,US,United States
cancelledbreaks,US,United States
dakreekcraft,US,United States
sportsvaultbreaks,US,United States
simretkefela35,US,United States
savi.fae,US,United States
theastro_mr,US,United States
kmarhsjdj,US,United States
dr.traye,US,United States
inessomers,US,United States
ekatisepic,US,United States
ruohoa_,US,United States
dosesofkiy,US,United States
jordan_legit3,US,United States
the_dawg_father,US,United States
jamtho86,US,United States
the_good_stuff_co,US,United States
rzr_rex,US,United States
based,US,United States
frodio_official,US,United States
iloveado7ale,US,United States
rynchromedu,US,United States
srsportsbreaks,US,United States
draitpso,US,United States
redstaterhetoric,US,United States
stickyfingergang,US,United States
swaggyp473,US,United States
poshsports,US,United States
baskandlatherco,US,United States
rykaroki,US,United States
themeccaofsc,US,United States
ceeslayttv,US,United States
aimzatchu,US,United States
nvrzvxy,US,United States
illpegyosista67,US,United States
reidrulezdood,US,United States
blazingcards,US,United States
pj.tech,US,United States
wya.bullock,US,United States
lynbaileyy,US,United States
microingredients,US,United States
murked2elite,US,United States
redhoodsen,US,United States
_cohennessey,US,United States
dr3am_keyy,US,United States
dracogwap,US,United States
thegr8vibe,US,United States
nadulahairofficial,US,United States
mzcookeez2,US,United States
fdcutewig,US,United States
chicf0rty,US,United States
s.nemz,US,United States
yollecreatorcontent,US,United States
carolinac561,US,United States
collectingdustvegas,US,United States
destaquesramondls,US,United States
therioshowlive,US,United States
luisrxz135,US,United States
kvzlive,US,United States
clutch_saan,US,United States
carmeloreyes77,US,United States
nuzi4._.lif3,US,United States
balloonchain42,US,United States
ppromote,US,United States
bsjhf21._,US,United States
luisxz047,US,United States
show_3tk,US,United States
remorsefraud,US,United States
elplbel,US,United States
wrathofvoll,US,United States
poptoonstv,US,United States
xnxsaw3,US,United States
snchez.el.701,US,United States
el.refuerzo.m22,US,United States
pj2funnny,US,United States
thecoldestwater,US,United States
replaysportscards,US,United States
